doc_id	gold	why
21581	document	UHJ Research Department memorandum, full text
22077	document	article on the Guardian's eulogy
22209	document	biographical article (Dyar)
23724	document	encyclopedia entry (Haifa)
23726	document	encyclopedia entry (Azali), short
254590	document	paper on the Panj Sha'n
627742	document	Iranica entry
143329	document	BWNS obituary
810765	document	Wilmette Institute faculty notes
28368	document	PDF conversion, 370k chars
40705	document	article (Mazra'ih footnote)
329098	document	leaflet text
168996	document	book review, full text
24033	metadata	abstract only
24133	metadata	abstract only
60230	metadata	About blurb only
806518	metadata	abstract only
810613	metadata	About blurb only
810828	metadata	About blurb only
827073	metadata	abstract only
147547	metadata	one-sentence abstract
283199	metadata	abstract + link notes
34410	metadata	abstract + link to offsite dissertation
158149	metadata	abstract + scan notes
51050	metadata	Partial Inventory entry
53703	metadata	Partial Inventory entry
55446	metadata	Partial Inventory entry
629198	metadata	Partial Inventory entry
22913	navigation	site chrome / tag links
33771	navigation	raw site chrome
827496	navigation	site chrome
24092	navigation	list of links to course pages
323388	navigation	bibliography of many theses
282714	navigation	list of Ruhi book titles
